[{"methods":[{"deprecated":"false","description":"Method for JsonTextDecode","name":"JsonTextDecode","params":[{"name":"jsonText","type":"text"}],"returnType":"any"},{"deprecated":"false","description":"Method for Translate","name":"Translate","params":[{"name":"text","type":"text"},{"name":"translateFrom","type":"text"},{"name":"translateTo","type":"text"}],"returnType":"list"}],"nonVisible":"true","events":[{"deprecated":"false","description":"Event for GotError","name":"GotError","params":[{"name":"text","type":"text"},{"name":"responseContent","type":"text"}]},{"deprecated":"false","description":"Event for GotResult","name":"GotResult","params":[{"name":"text","type":"text"},{"name":"result","type":"text"},{"name":"resultInPairs","type":"list"},{"name":"translateFrom","type":"text"},{"name":"translateTo","type":"text"}]},{"deprecated":"false","description":"Event for GotResultRaw","name":"GotResultRaw","params":[{"name":"responseCode","type":"number"},{"name":"responseType","type":"text"},{"name":"responseContent","type":"text"}]}],"external":"true","helpString":"by ColinTree at http://www.colintree.cn","properties":[{"name":"apikey","defaultValue":"","editorType":"string"},{"name":"appid","defaultValue":"","editorType":"string"}],"type":"cn.colintree.aix.Translators.BaiduFanyi","showOnPalette":"true","version":"1","name":"BaiduFanyi","helpUrl":"","blockProperties":[{"deprecated":"false","description":"","name":"apikey","type":"text","rw":"read-write"},{"deprecated":"false","description":"","name":"appid","type":"text","rw":"read-write"}],"iconName":"images/extension.png","categoryString":"EXTENSION"}]