[{"categoryString":"EXTENSION","nonVisible":"true","iconName":"images/extension.png","methods":[{"deprecated":"false","name":"JsonTextDecode","description":"Method for JsonTextDecode","params":[{"name":"jsonText","type":"text"}],"returnType":"any"},{"deprecated":"false","name":"Translate","description":"Method for Translate","params":[{"name":"text","type":"text"},{"name":"translateFrom","type":"text"},{"name":"translateTo","type":"text"}],"returnType":"list"}],"blockProperties":[{"rw":"read-write","deprecated":"false","name":"apikey","description":"","type":"text"},{"rw":"read-write","deprecated":"false","name":"appid","description":"","type":"text"}],"helpUrl":"","type":"cn.colintree.aix.BaiduFanyi","version":"1","external":"true","showOnPalette":"true","name":"BaiduFanyi","helpString":"by ColinTree at http://www.colintree.cn","events":[{"deprecated":"false","name":"GotError","description":"Event for GotError","params":[{"name":"text","type":"text"},{"name":"responseContent","type":"text"}]},{"deprecated":"false","name":"GotResult","description":"Event for GotResult","params":[{"name":"text","type":"text"},{"name":"result","type":"text"},{"name":"resultInPairs","type":"list"},{"name":"translateFrom","type":"text"},{"name":"translateTo","type":"text"}]},{"deprecated":"false","name":"GotResultRaw","description":"Event for GotResultRaw","params":[{"name":"responseCode","type":"number"},{"name":"responseType","type":"text"},{"name":"responseContent","type":"text"}]}],"properties":[{"defaultValue":"","name":"apikey","editorType":"string"},{"defaultValue":"","name":"appid","editorType":"string"}]}]