[{
 "methods": [
  {
   "deprecated": "false",
   "description": "Method for removeFlag",
   "name": "removeFlag",
   "params": []
  },
  {
   "deprecated": "false",
   "description": "Method for setFlag",
   "name": "setFlag",
   "params": []
  }
 ],
 "nonVisible": "true",
 "events": [],
 "external": "true",
 "helpString": "by ColinTree at http://www.colintree.cn",
 "properties": [],
 "type": "cn.colintree.aix.ColinTreeWakeLock",
 "showOnPalette": "true",
 "version": "1",
 "name": "ColinTreeWakeLock",
 "helpUrl": "",
 "iconName": "images/extension.png",
 "blockProperties": [],
 "categoryString": "EXTENSION"
}]