[{"methods":[{"deprecated":"false","description":"Copy text to clipboard. In case SuppressToast is true, the toast message 'Text copied' will be suppressed after copying a text to the clipboard.","name":"Copy","params":[{"name":"text","type":"text"}]},{"deprecated":"false","description":"Paste text from clipboard. In case SuppressToast is true, the toast message 'Text pasted' will be suppressed after pasting a text from the clipboard.","name":"Paste","params":[],"returnType":"text"}],"nonVisible":"true","external":"true","helpString":"Clipboard Extension to copy text to or paste text from the clipboard. Version 1a as of 2016-08-11 for App Inventor version nb150 and Companion version 2.38.","events":[],"name":"TaifunClipboard","iconName":"https://puravidaapps.com/images/taifun16.png","blockProperties":[{"deprecated":"false","description":"whether Success Toast should be suppressed","name":"SuppressToast","type":"boolean","rw":"read-write"}],"categoryString":"EXTENSION","properties":[{"name":"SuppressToast","defaultValue":"false","editorType":"boolean"}],"type":"com.puravidaapps.TaifunClipboard","showOnPalette":"true","version":"1"}]